,id,grouping,difficulty,competition,prob_name,link,problem,letter,answer
3498,221f776c1bcf236c1af014a0e07b68e5,,1,AMC_8,2015_AMC_8_Problem_3,https://artofproblemsolving.com/wiki/index.php/2015_AMC_8_Problems/Problem_3,Jack and Jill are going swimming at a pool that is one mile from their house. They leave home simultaneously. Jill rides her bicycle to the pool at a constant speed of $10$ miles per hour. Jack walks to the pool at a constant speed of $4$ miles per hour. How many minutes before Jack does Jill arrive?,D,9
3499,3c8232032694b6d42ee1c7f347b985b4,,1,AMC_8,2015_AMC_8_Problem_1,https://artofproblemsolving.com/wiki/index.php/2015_AMC_8_Problems/Problem_1,Onkon wants to cover his room's floor with his favourite red carpet. How many square yards of red carpet are required to cover a rectangular floor that is $12$ feet long and $9$ feet wide? (There are 3 feet in a yard.),A,12
3500,1ceac1a1da18955c253e99bbb45a2443,,1,AMC_8,2016_AMC_8_Problem_24,https://artofproblemsolving.com/wiki/index.php/2016_AMC_8_Problems/Problem_24,"The digits $1$ $2$ $3$ $4$ , and $5$ are each used once to write a five-digit number $PQRST$ . The three-digit number $PQR$ is divisible by $4$ , the three-digit number $QRS$ is divisible by $5$ , and the three-digit number $RST$ is divisible by $3$ . What is $P$",A,1
3501,2882957833b02c803b55586eea349ac5,,1,AMC_8,2016_AMC_8_Problem_15,https://artofproblemsolving.com/wiki/index.php/2016_AMC_8_Problems/Problem_15,What is the largest power of $2$ that is a divisor of $13^4 - 11^4$,C,32
3502,17ee4984e12859589162d8bfc1d44e92,,1,AMC_8,2016_AMC_8_Problem_23,https://artofproblemsolving.com/wiki/index.php/2016_AMC_8_Problems/Problem_23,"Two congruent circles centered at points $A$ and $B$ each pass through the other circle's center. The line containing both $A$ and $B$ is extended to intersect the circles at points $C$ and $D$ . The circles intersect at two points, one of which is $E$ . What is the degree measure of $\angle CED$",C,120
3503,666a73c164a4d2db7a14a01c66ab44fa,,1,AMC_8,2016_AMC_8_Problem_19,https://artofproblemsolving.com/wiki/index.php/2016_AMC_8_Problems/Problem_19,"The sum of $25$ consecutive even integers is $10,000$ . What is the largest of these $25$ consecutive integers?",E,424
3508,6742a5d76df66846c00aba92af7755d1,,1,AMC_8,2015_AMC_8_Problem_4,https://artofproblemsolving.com/wiki/index.php/2015_AMC_8_Problems/Problem_4,The Blue Bird High School chess team consists of two boys and three girls. A photographer wants to take a picture of the team to appear in the local newspaper. She decides to have them sit in a row with a boy at each end and the three girls in the middle. How many such arrangements are possible?,E,12
3510,56d8dd9b6af035ae9c4ab4eee90c7666,,1,AMC_8,2015_AMC_8_Problem_6,https://artofproblemsolving.com/wiki/index.php/2015_AMC_8_Problems/Problem_6,"In $\bigtriangleup ABC$ $AB=BC=29$ , and $AC=42$ . What is the area of $\bigtriangleup ABC$",B,420
3511,fe5aada0b5e63fbdab4d9f1b13126983,,1,AMC_8,2015_AMC_8_Problem_15,https://artofproblemsolving.com/wiki/index.php/2015_AMC_8_Problems/Problem_15,"At Euler Middle School, $198$ students voted on two issues in a school referendum with the following results: $149$ voted in favor of the first issue and $119$ voted in favor of the second issue. If there were exactly $29$ students who voted against both issues, how many students voted in favor of both issues?",D,99
3513,ad9959ee3bf4bd73914c282efd0919d4,,1,AMC_8,2015_AMC_8_Problem_10,https://artofproblemsolving.com/wiki/index.php/2015_AMC_8_Problems/Problem_10,How many integers between $1000$ and $9999$ have four distinct digits?,B,4536
3515,ad6fe8b28947412902a591f1c589fb9d,,1,AMC_8,2015_AMC_8_Problem_13,https://artofproblemsolving.com/wiki/index.php/2015_AMC_8_Problems/Problem_13,"How many subsets of two elements can be removed from the set $\{1, 2, 3, 4, 5, 6, 7, 8, 9, 10, 11\}$ so that the mean (average) of the remaining numbers is 6?",D,5
3517,1f91a706953ad2b030972f2f75b3afc6,,1,AMC_8,2015_AMC_8_Problem_17,https://artofproblemsolving.com/wiki/index.php/2015_AMC_8_Problems/Problem_17,"Jeremy's father drives him to school in rush hour traffic in 20 minutes. One day there is no traffic, so his father can drive him 18 miles per hour faster and gets him to school in 12 minutes. How far in miles is it to school?",D,9
3519,2e3c2ab37f9a080cbed5a4b83fae3169,,1,AMC_8,2015_AMC_8_Problem_20,https://artofproblemsolving.com/wiki/index.php/2015_AMC_8_Problems/Problem_20,"Ralph went to the store and bought 12 pairs of socks for a total of $$24$ . Some of the socks he bought cost $$1$ a pair, some of the socks he bought cost $$3$ a pair, and some of the socks he bought cost $$4$ a pair. If he bought at least one pair of each type, how many pairs of $$1$ socks did Ralph buy?",D,7
3522,20a2f302127a4849ca8aa2038fe6ffb7,,1,AMC_8,2015_AMC_8_Problem_24,https://artofproblemsolving.com/wiki/index.php/2015_AMC_8_Problems/Problem_24,A baseball league consists of two four-team divisions. Each team plays every other team in its division $N$ games. Each team plays every team in the other division $M$ games with $N>2M$ and $M>4$ . Each team plays a $76$ game schedule. How many games does a team play within its own division?,B,48
3524,af0f1b09251d3dbde61ac767a7ab36e1,,1,AMC_8,2016_AMC_8_Problem_14,https://artofproblemsolving.com/wiki/index.php/2016_AMC_8_Problems/Problem_14,"Karl's car uses a gallon of gas every $35$ miles, and his gas tank holds $14$ gallons when it is full. One day, Karl started with a full tank of gas, drove $350$ miles, bought $8$ gallons of gas, and continued driving to his destination. When he arrived, his gas tank was half full. How many miles did Karl drive that day?",A,525
3526,0a9a07e87f522ff1a5629b2c03c2e8a4,,1,AMC_8,2016_AMC_8_Problem_11,https://artofproblemsolving.com/wiki/index.php/2016_AMC_8_Problems/Problem_11,"Determine how many two-digit numbers satisfy the following property: when the number is added to the number obtained by reversing its digits, the sum is $132.$",B,7
3527,eaf7d3e4623ee9d5f2ae3bc71d450919,,1,AMC_8,2018_AMC_8_Problem_25,https://artofproblemsolving.com/wiki/index.php/2018_AMC_8_Problems/Problem_25,"How many perfect cubes lie between $2^8+1$ and $2^{18}+1$ , inclusive?",E,58
3528,98e4df9817d0a5ba7265e204c422a47a,,1,AMC_8,2016_AMC_8_Problem_9,https://artofproblemsolving.com/wiki/index.php/2016_AMC_8_Problems/Problem_9,What is the sum of the distinct prime integer divisors of $2016$,B,12
3529,31ae8961d2b1a41d4e67ffccb4d552df,,1,AMC_8,2014_AMC_8_Problem_1,https://artofproblemsolving.com/wiki/index.php/2014_AMC_8_Problems/Problem_1,"Harry and Terry are each told to calculate $8-(2+5)$ . Harry gets the correct answer. Terry ignores the parentheses and calculates $8-2+5$ . If Harry's answer is $H$ and Terry's answer is $T$ , what is $H-T$",A,10
3531,8d46178e844feb626548112d4eeb916c,,1,AMC_8,2017_AMC_8_Problem_3,https://artofproblemsolving.com/wiki/index.php/2017_AMC_8_Problems/Problem_3,What is the value of the expression $\sqrt{16\sqrt{8\sqrt{4}}}$,C,8
3532,990e7fe8b23415d94a28c3bb514af8a7,,1,AMC_8,2017_AMC_8_Problem_4,https://artofproblemsolving.com/wiki/index.php/2017_AMC_8_Problems/Problem_4,"When $0.000315$ is multiplied by $7,928,564$ the product is closest to which of the following?",D,2400
3535,6b89b1018464aca0872af1641b5ef845,,1,AMC_8,2017_AMC_8_Problem_7,https://artofproblemsolving.com/wiki/index.php/2017_AMC_8_Problems/Problem_7,"Let $Z$ be a 6-digit positive integer, such as 247247, whose first three digits are the same as its last three digits taken in the same order. Which of the following numbers must also be a factor of $Z$",A,11
3536,f22bb94104fb55913f2d1dcb3b03f7c3,,1,AMC_8,2017_AMC_8_Problem_8,https://artofproblemsolving.com/wiki/index.php/2017_AMC_8_Problems/Problem_8,"Malcolm wants to visit Isabella after school today and knows the street where she lives but doesn't know her house number. She tells him, ""My house number has two digits, and exactly three of the following four statements about it are true.""
(1) It is prime.
(2) It is even.
(3) It is divisible by 7.
(4) One of its digits is 9.
This information allows Malcolm to determine Isabella's house number. What is its units digit?",D,8
3537,62cb29586bfdbde93bc574b853bc4c35,,1,AMC_8,2017_AMC_8_Problem_9,https://artofproblemsolving.com/wiki/index.php/2017_AMC_8_Problems/Problem_9,"All of Marcy's marbles are blue, red, green, or yellow. One third of her marbles are blue, one fourth of them are red, and six of them are green. What is the smallest number of yellow marbles that Macy could have?",D,4
3539,ccc50eb537d3c969c90f9a187ddafd36,,1,AMC_8,2017_AMC_8_Problem_13,https://artofproblemsolving.com/wiki/index.php/2017_AMC_8_Problems/Problem_13,"Peter, Emma, and Kyler played chess with each other. Peter won 4 games and lost 2 games. Emma won 3 games and lost 3 games. If Kyler lost 3 games, how many games did he win?",B,1
3540,f0f0c19317ba24f140b27a1c83900764,,1,AMC_8,2017_AMC_8_Problem_14,https://artofproblemsolving.com/wiki/index.php/2017_AMC_8_Problems/Problem_14,"Chloe and Zoe are both students in Ms. Demeanor's math class. Last night, they each solved half of the problems in their homework assignment alone and then solved the other half together. Chloe had correct answers to only $80\%$ of the problems she solved alone, but overall $88\%$ of her answers were correct. Zoe had correct answers to $90\%$ of the problems she solved alone. What was Zoe's  overall percentage of correct answers?",C,93
3547,e5db1f5688b4ad97f27c76bb4f6f834c,,1,AMC_8,2017_AMC_8_Problem_23,https://artofproblemsolving.com/wiki/index.php/2017_AMC_8_Problems/Problem_23,"Each day for four days, Linda traveled for one hour at a speed that resulted in her traveling one mile in an integer number of minutes. Each day after the first, her speed decreased so that the number of minutes to travel one mile increased by $5$ minutes over the preceding day. Each of the four days, her distance traveled was also an integer number of miles. What was the total number of miles for the four trips?",C,25
3549,d91111c6f2e572b284b50dd10fb812d8,,1,AMC_8,2016_AMC_8_Problem_1,https://artofproblemsolving.com/wiki/index.php/2016_AMC_8_Problems/Problem_1,The longest professional tennis match ever played lasted a total of $11$ hours and $5$ minutes. How many minutes was this?,C,665
3551,25a5373d5ded79b44f2954a5bf65ab8d,,1,AMC_8,2016_AMC_8_Problem_3,https://artofproblemsolving.com/wiki/index.php/2016_AMC_8_Problems/Problem_3,"Four students take an exam. Three of their scores are $70, 80,$ and $90$ . If the average of their four scores is $70$ , then what is the remaining score?",A,40
3552,7d62e9da6097ce726cc22313d2ad9aa1,,1,AMC_8,2016_AMC_8_Problem_4,https://artofproblemsolving.com/wiki/index.php/2016_AMC_8_Problems/Problem_4,"When Cheenu was a boy, he could run $15$ miles in $3$ hours and $30$ minutes. As an old man, he can now walk $10$ miles in $4$ hours. How many minutes longer does it take for him to walk a mile now compared to when he was a boy?",B,10
3556,405d510a81d8226f5b9c8fb0b4e6f48b,,1,AMC_8,2016_AMC_8_Problem_10,https://artofproblemsolving.com/wiki/index.php/2016_AMC_8_Problems/Problem_10,Suppose that $a * b$ means $3a-b.$ What is the value of $x$ if \[2 * (5 * x)=1\],D,10
3558,63ee083be38943469dffd250a21884e4,,1,AMC_8,2011_AMC_8_Problem_23,https://artofproblemsolving.com/wiki/index.php/2011_AMC_8_Problems/Problem_23,"How many 4-digit positive integers have four different digits, where the leading digit is not zero, the integer is a multiple of 5, and 5 is the largest digit?",D,84
3559,a0891fcd63c4c8b72ff77136a6448941,,1,AMC_8,2014_AMC_8_Problem_4,https://artofproblemsolving.com/wiki/index.php/2014_AMC_8_Problems/Problem_4,The sum of two prime numbers is $85$ . What is the product of these two prime numbers?,E,166
3560,90dba02ecdb2aa188c943e616dce9da0,,1,AMC_8,2012_AMC_8_Problem_10,https://artofproblemsolving.com/wiki/index.php/2012_AMC_8_Problems/Problem_10,How many 4-digit numbers greater than 1000 are there that use the four digits of 2012?,D,9
3561,904d4f9b7ca768cc62644aefebcea21d,,1,AMC_8,2012_AMC_8_Problem_11,https://artofproblemsolving.com/wiki/index.php/2012_AMC_8_Problems/Problem_11,"The mean, median, and unique mode of the positive integers 3, 4, 5, 6, 6, 7, and $x$ are all equal. What is the value of $x$",D,11
3562,6b1c7d226d6e32eb22916acb6d818b3f,,1,AMC_8,2012_AMC_8_Problem_13,https://artofproblemsolving.com/wiki/index.php/2012_AMC_8_Problems/Problem_13,Jamar bought some pencils costing more than a penny each at the school bookstore and paid $\textdollar 1.43$ . Sharona bought some of the same pencils and paid $\textdollar 1.87$ . How many more pencils did Sharona buy than Jamar?,C,4
3563,d2156e43045e30a5e15469d3206f0a4b,,1,AMC_8,2012_AMC_8_Problem_14,https://artofproblemsolving.com/wiki/index.php/2012_AMC_8_Problems/Problem_14,"In the BIG N, a middle school football conference, each team plays every other team exactly once. If a total of 21 conference games were played during the 2012 season, how many teams were members of the BIG N conference?",B,7
3564,6b35272ddb34481e91612079fa6304a6,,1,AMC_8,2012_AMC_8_Problem_16,https://artofproblemsolving.com/wiki/index.php/2012_AMC_8_Problems/Problem_16,"Each of the digits 0, 1, 2, 3, 4, 5, 6, 7, 8, and 9 is used only once to make two five-digit numbers so that they have the largest possible sum. Which of the following could be one of the numbers?",C,87431
3565,73945c82bf744c036446e98e96903933,,1,AMC_8,2012_AMC_8_Problem_17,https://artofproblemsolving.com/wiki/index.php/2012_AMC_8_Problems/Problem_17,"A square with integer side length is cut into 10 squares, all of which have integer side length and at least 8 of which have area 1. What is the smallest possible value of the length of the side of the original square?",B,4
3567,a51568069b105b6527c173091b34a261,,1,AMC_8,2012_AMC_8_Problem_19,https://artofproblemsolving.com/wiki/index.php/2012_AMC_8_Problems/Problem_19,"In a jar of red, green, and blue marbles, all but 6 are red marbles, all but 8 are green, and all but 4 are blue. How many marbles are in the jar?",C,9
3568,a8cab20a7338028ed9a6d1bca92f50f8,,1,AMC_8,2012_AMC_8_Problem_21,https://artofproblemsolving.com/wiki/index.php/2012_AMC_8_Problems/Problem_21,"Marla has a large white cube that has an edge of 10 feet. She also has enough green paint to cover 300 square feet. Marla uses all the paint to create a white square centered on each face, surrounded by a green border. What is the area of one of the white squares, in square feet?",D,50
3569,4cfb1d5cbf1040d9c3177e27aea14dbb,,1,AMC_8,2012_AMC_8_Problem_23,https://artofproblemsolving.com/wiki/index.php/2012_AMC_8_Problems/Problem_23,"An equilateral triangle and a regular hexagon have equal perimeters. If the triangle's area is 4, what is the area of the hexagon?",C,6
3572,5687e6d1deed26c82fbc4866e85bad5b,,1,AMC_8,2011_AMC_8_Problem_2,https://artofproblemsolving.com/wiki/index.php/2011_AMC_8_Problems/Problem_2,"Karl's rectangular vegetable garden is $20$ feet by $45$ feet, and Makenna's is $25$ feet by $40$ feet. Whose garden is larger in area?",E,100
3581,72795227200120a57748765bcd9d790b,,1,AMC_8,2011_AMC_8_Problem_17,https://artofproblemsolving.com/wiki/index.php/2011_AMC_8_Problems/Problem_17,"Let $w$ $x$ $y$ , and $z$ be whole numbers. If $2^w \cdot 3^x \cdot 5^y \cdot 7^z = 588$ , then what does $2w + 3x + 5y + 7z$ equal?",A,21
3588,b81007ad053def7172abcecdcb564526,,1,AMC_8,2012_AMC_8_Problem_8,https://artofproblemsolving.com/wiki/index.php/2012_AMC_8_Problems/Problem_8,"A shop advertises everything is ""half price in today's sale."" In addition, a coupon gives a 20% discount on sale prices. Using the coupon, the price today represents what percentage off the original price?",D,60
3589,c6f37829b48d77339cf57f3e375e50f3,,1,AMC_8,2012_AMC_8_Problem_7,https://artofproblemsolving.com/wiki/index.php/2012_AMC_8_Problems/Problem_7,"Isabella must take four 100-point tests in her math class. Her goal is to achieve an average grade of 95 on the tests. Her first two test scores were 97 and 91. After seeing her score on the third test, she realized she can still reach her goal. What is the lowest possible score she could have made on the third test?",B,92
3591,66edcf89e2632e38344afcac62a21521,,1,AMC_8,2014_AMC_8_Problem_5,https://artofproblemsolving.com/wiki/index.php/2014_AMC_8_Problems/Problem_5,"Margie's car can go $32$ miles on a gallon of gas, and gas currently costs $ $4$ per gallon. How many miles can Margie drive on $\textdollar 20$ worth of gas?",C,160
3592,bac44cda675e620cf64645a855a86b34,,1,AMC_8,2014_AMC_8_Problem_6,https://artofproblemsolving.com/wiki/index.php/2014_AMC_8_Problems/Problem_6,"Six rectangles each with a common base width of $2$ have lengths of $1, 4, 9, 16, 25$ , and $36$ . What is the sum of the areas of the six rectangles?",D,182
3597,81cbb4b46f8927477d911d2a4d3c2388,,1,AMC_8,2014_AMC_8_Problem_17,https://artofproblemsolving.com/wiki/index.php/2014_AMC_8_Problems/Problem_17,"George walks $1$ mile to school. He leaves home at the same time each day, walks at a steady speed of $3$ miles per hour, and arrives just as school begins. Today he was distracted by the pleasant weather and walked the first $\frac{1}{2}$ mile at a speed of only $2$ miles per hour. At how many miles per hour must George run the last $\frac{1}{2}$ mile in order to arrive just as school begins today?",B,6
3600,17cab8f2b951b6238bb36bd9c03b563d,,1,AMC_8,2013_AMC_8_Problem_1,https://artofproblemsolving.com/wiki/index.php/2013_AMC_8_Problems/Problem_1,Danica wants to arrange her model cars in rows with exactly 6 cars in each row. She now has 23 model cars. What is the greatest number of additional cars she must buy in order to be able to arrange all her cars this way?,A,1
3602,0451adb95a0a866e3ca6a9983276a060,,1,AMC_8,2013_AMC_8_Problem_3,https://artofproblemsolving.com/wiki/index.php/2013_AMC_8_Problems/Problem_3,What is the value of $4 \cdot (-1+2-3+4-5+6-7+\cdots+1000)$,E,2000
3603,9cc5116396ed37aa668e5a70fb0094a2,,1,AMC_8,2013_AMC_8_Problem_4,https://artofproblemsolving.com/wiki/index.php/2013_AMC_8_Problems/Problem_4,"Eight friends ate at a restaurant and agreed to share the bill equally. Because Judi forgot her money, each of her seven friends paid an extra $2.50 to cover her portion of the total bill. What was the total bill?",C,140
3604,a0d07bf57995655f037b7b2f85b92680,,1,AMC_8,2014_AMC_8_Problem_3,https://artofproblemsolving.com/wiki/index.php/2014_AMC_8_Problems/Problem_3,Isabella had a week to read a book for a school assignment. She read an average of $36$ pages per day for the first three days and an average of $44$ pages per day for the next three days. She then finished the book by reading $10$ pages on the last day. How many pages were in the book?,B,250
3605,2970951d406c3e91dbf40ac93bad62e6,,1,AMC_8,2013_AMC_8_Problem_5,https://artofproblemsolving.com/wiki/index.php/2013_AMC_8_Problems/Problem_5,"Hammie is in $6^\text{th}$ grade and weighs 106 pounds. His quadruplet sisters are tiny babies and weigh 5, 5, 6, and 8 pounds. Which is greater, the average (mean) weight of these five children or the median weight, and by how many pounds?",E,20
3606,0c28121cf9adf6b50cf209747ebc2c34,,1,AMC_8,2013_AMC_8_Problem_7,https://artofproblemsolving.com/wiki/index.php/2013_AMC_8_Problems/Problem_7,"Trey and his mom stopped at a railroad crossing to let a train pass. As the train began to pass, Trey counted 6 cars in the first 10 seconds. It took the train 2 minutes and 45 seconds to clear the crossing at a constant speed. Which of the following was the most likely number of cars in the train?",C,100
3607,333f6568c77b3eb090f5d04390b77e0f,,1,AMC_8,2013_AMC_8_Problem_9,https://artofproblemsolving.com/wiki/index.php/2013_AMC_8_Problems/Problem_9,"The Incredible Hulk can double the distance he jumps with each succeeding jump. If his first jump is 1 meter, the second jump is 2 meters, the third jump is 4 meters, and so on, then on which jump will he first be able to jump more than 1 kilometer (1,000 meters)?",C,11
3608,c2ce56e25aa82757ee6d584adc1ba0dd,,1,AMC_8,2013_AMC_8_Problem_10,https://artofproblemsolving.com/wiki/index.php/2013_AMC_8_Problems/Problem_10,What is the ratio of the least common multiple of 180 and 594 to the greatest common factor of 180 and 594?,C,330
3609,243b55e69c8d1bf51a4f2a09e1cace45,,1,AMC_8,2013_AMC_8_Problem_11,https://artofproblemsolving.com/wiki/index.php/2013_AMC_8_Problems/Problem_11,"Ted's grandfather used his treadmill on 3 days this week. He went 2 miles each day. On Monday he jogged at a speed of 5 miles per hour. He walked at the rate of 3 miles per hour on Wednesday and at 4 miles per hour on Friday. If Grandfather had always walked at 4 miles per hour, he would have spent less time on the treadmill. How many minutes less?",D,4
3610,2d18c5e8e2b2cb8a3076da1b50461b74,,1,AMC_8,2013_AMC_8_Problem_12,https://artofproblemsolving.com/wiki/index.php/2013_AMC_8_Problems/Problem_12,"At the 2013 Winnebago County Fair a vendor is offering a ""fair special"" on sandals. If you buy one pair of sandals at the regular price of $50, you get a second pair at a 40% discount, and a third pair at half the regular price. Javier took advantage of the ""fair special"" to buy three pairs of sandals. What percentage of the $150 regular price did he save?",B,30
3613,e1c4105b55936ff2e8b7e26d5a3f5ab0,,1,AMC_8,2013_AMC_8_Problem_17,https://artofproblemsolving.com/wiki/index.php/2013_AMC_8_Problems/Problem_17,The sum of six consecutive positive integers is 2013. What is the largest of these six integers?,B,338
3622,75d5a9e42bc7c3b35b54d0e096c0a354,,1,AMC_8,2018_AMC_8_Problem_21,https://artofproblemsolving.com/wiki/index.php/2018_AMC_8_Problems/Problem_21,"How many positive three-digit integers have a remainder of 2 when divided by 6, a remainder of 5 when divided by 9, and a remainder of 7 when divided by 11?",E,5
3634,f5a2930556b34ef57bc7dfef1024f1b3,,1,AMC_8,2022_AMC_8_Problem_2,https://artofproblemsolving.com/wiki/index.php/2022_AMC_8_Problems/Problem_2,"Consider these two operations: \begin{align*} a \, \blacklozenge \, b &= a^2 - b^2\\ a \, \bigstar \, b &= (a - b)^2 \end{align*} What is the output of $(5 \, \blacklozenge \, 3) \, \bigstar \, 6?$",D,100
3635,443d8834e113d46d25f334097ce0931d,,1,AMC_8,2022_AMC_8_Problem_3,https://artofproblemsolving.com/wiki/index.php/2022_AMC_8_Problems/Problem_3,"When three positive integers $a$ $b$ , and $c$ are multiplied together, their product is $100$ . Suppose $a < b < c$ . In how many ways can the numbers be chosen?",E,4
3639,7f5b2ceee58b2c69e3bbf03b54cfaf68,,1,AMC_8,2022_AMC_8_Problem_9,https://artofproblemsolving.com/wiki/index.php/2022_AMC_8_Problems/Problem_9,"A cup of boiling water ( $212^{\circ}\text{F}$ ) is placed to cool in a room whose temperature remains constant at $68^{\circ}\text{F}$ . Suppose the difference between the water temperature and the room temperature is halved every $5$ minutes. What is the water temperature, in degrees Fahrenheit, after $15$ minutes?",B,86
3641,e44247bc94190fdaa650b0e77e875dec,,1,AMC_8,2022_AMC_8_Problem_13,https://artofproblemsolving.com/wiki/index.php/2022_AMC_8_Problems/Problem_13,"How many positive integers can fill the blank in the sentence below?
“One positive integer is _____ more than twice another, and the sum of the two numbers is $28$ .”",D,9
3644,533d6a318769e6044f336615a28da965,,1,AMC_8,2022_AMC_8_Problem_16,https://artofproblemsolving.com/wiki/index.php/2022_AMC_8_Problems/Problem_16,"Four numbers are written in a row. The average of the first two is $21,$ the average of the middle two is $26,$ and the average of the last two is $30.$ What is the average of the first and last of the numbers?",B,25
3645,3e4b464dd3f10c44ed34a1ac38483e57,,1,AMC_8,2022_AMC_8_Problem_17,https://artofproblemsolving.com/wiki/index.php/2022_AMC_8_Problems/Problem_17,"If $n$ is an even positive integer, the $\emph{double factorial}$ notation $n!!$ represents the product of all the even integers from $2$ to $n$ . For example, $8!! = 2 \cdot 4 \cdot 6 \cdot 8$ . What is the units digit of the following sum? \[2!! + 4!! + 6!! + \cdots + 2018!! + 2020!! + 2022!!\]",B,2
3646,ca4dc60e852a9eff0d8c494765f6c938,,1,AMC_8,2022_AMC_8_Problem_18,https://artofproblemsolving.com/wiki/index.php/2022_AMC_8_Problems/Problem_18,"The midpoints of the four sides of a rectangle are $(-3,0), (2,0), (5,4),$ and $(0,4).$ What is the
area of the rectangle?",C,40
3654,b236974ec921383775db7e63efbfbdd5,,1,AMC_8,2011_AMC_8_Problem_24,https://artofproblemsolving.com/wiki/index.php/2011_AMC_8_Problems/Problem_24,In how many ways can $10001$ be written as the sum of two primes?,A,0
3684,b911f4f6218991b2b9b5b808d6d6029a,,1,AMC_8,2020_AMC_8_Problem_1,https://artofproblemsolving.com/wiki/index.php/2020_AMC_8_Problems/Problem_1,Luka is making lemonade to sell at a school fundraiser. His recipe requires $4$ times as much water as sugar and twice as much sugar as lemon juice. He uses $3$ cups of lemon juice. How many cups of water does he need?,E,24
3685,9fa79832a2b1c62aa46a0a6f59fe4b37,,1,AMC_8,2019_AMC_8_Problem_19,https://artofproblemsolving.com/wiki/index.php/2019_AMC_8_Problems/Problem_19,"In a tournament there are six teams that play each other twice. A team earns $3$ points for a win, $1$ point for a draw, and $0$ points for a loss. After all the games have been played it turns out that the top three teams earned the same number of total points. What is the greatest possible number of total points for each of the top three teams?",C,24
3686,b8f4ef8926aaf3100e44a06f702f6035,,1,AMC_8,2019_AMC_8_Problem_20,https://artofproblemsolving.com/wiki/index.php/2019_AMC_8_Problems/Problem_20,How many different real numbers $x$ satisfy the equation \[(x^{2}-5)^{2}=16?\],D,4
3687,f807402c8b794087eddf48dfc2700f7d,,1,AMC_8,2019_AMC_8_Problem_21,https://artofproblemsolving.com/wiki/index.php/2019_AMC_8_Problems/Problem_21,"What is the area of the triangle formed by the lines $y=5$ $y=1+x$ , and $y=1-x$",E,16.
3694,27316f96e067163949d5c3f51279a4b7,,1,AMC_8,2019_AMC_8_Problem_25,https://artofproblemsolving.com/wiki/index.php/2019_AMC_8_Problems/Problem_25,Alice has $24$ apples. In how many ways can she share them with Becky and Chris so that each of the three people has at least two apples?,C,190
3695,2163c16fc3cb8abde1d473c6bf50a6f2,,1,AMC_8,2018_AMC_8_Problem_1,https://artofproblemsolving.com/wiki/index.php/2018_AMC_8_Problems/Problem_1,"An amusement park has a collection of scale models, with a ratio of $1: 20$ , of buildings and other sights from around the country. The height of the United States Capitol is $289$ feet. What is the height in feet of its duplicate to the nearest whole number?",A,14
3696,ac4ead35d69de5c71100b4e772ba0132,,1,AMC_8,2018_AMC_8_Problem_2,https://artofproblemsolving.com/wiki/index.php/2018_AMC_8_Problems/Problem_2,"What is the value of the product
\[\left(1+\frac{1}{1}\right)\cdot\left(1+\frac{1}{2}\right)\cdot\left(1+\frac{1}{3}\right)\cdot\left(1+\frac{1}{4}\right)\cdot\left(1+\frac{1}{5}\right)\cdot\left(1+\frac{1}{6}\right)?\]",D,7
3698,22b5d061dc065cb2287a8ae6fa232a49,,1,AMC_8,2018_AMC_8_Problem_5,https://artofproblemsolving.com/wiki/index.php/2018_AMC_8_Problems/Problem_5,What is the value of $1+3+5+\cdots+2017+2019-2-4-6-\cdots-2016-2018$,E,1010
3700,256dd39a0bcc17e2d1e6145633d54067,,1,AMC_8,2018_AMC_8_Problem_6,https://artofproblemsolving.com/wiki/index.php/2018_AMC_8_Problems/Problem_6,"On a trip to the beach, Anh traveled 50 miles on the highway and 10 miles on a coastal access road. He drove three times as fast on the highway as on the coastal road. If Anh spent 30 minutes driving on the coastal road, how many minutes did his entire trip take?",C,80
3701,5ae0e5f2a55483523dd12add31424d16,,1,AMC_8,2018_AMC_8_Problem_7,https://artofproblemsolving.com/wiki/index.php/2018_AMC_8_Problems/Problem_7,The $5$ -digit number $\underline{2}$ $\underline{0}$ $\underline{1}$ $\underline{8}$ $\underline{U}$ is divisible by $9$ . What is the remainder when this number is divided by $8$,B,3
3705,7be54399bfbdd9ae6e5aec44c54d589b,,1,AMC_8,2018_AMC_8_Problem_13,https://artofproblemsolving.com/wiki/index.php/2018_AMC_8_Problems/Problem_13,"Laila took five math tests, each worth a maximum of 100 points. Laila's score on each test was an integer between 0 and 100, inclusive. Laila received the same score on the first four tests, and she received a higher score on the last test. Her average score on the five tests was 82. How many values are possible for Laila's score on the last test?",A,4
3710,cce7bc1f46689306c6f7c0da2b34882f,,1,AMC_8,2018_AMC_8_Problem_18,https://artofproblemsolving.com/wiki/index.php/2018_AMC_8_Problems/Problem_18,"How many positive factors does $23,232$ have?",E,42
3713,c835ee23fd691d1a813e846a06f122dc,,1,AMC_8,2019_AMC_8_Problem_13,https://artofproblemsolving.com/wiki/index.php/2019_AMC_8_Problems/Problem_13,"palindrome is a number that has the same value when read from left to right or from right to left. (For example, 12321 is a palindrome.) Let $N$ be the least three-digit integer which is not a palindrome but which is the sum of three distinct two-digit palindromes. What is the sum of the digits of $N$",A,2
3714,60fc5e9801861e2017a5d8ae36544b67,,1,AMC_8,2019_AMC_8_Problem_11,https://artofproblemsolving.com/wiki/index.php/2019_AMC_8_Problems/Problem_11,"The eighth grade class at Lincoln Middle School has $93$ students. Each student takes a math class or a foreign language class or both. There are $70$ eighth graders taking a math class, and there are $54$ eighth graders taking a foreign language class. How many eighth graders take only a math class and not a foreign language class?",,39
3716,79e4ea64a269320b08715b6e5eb4751f,,1,AMC_8,2020_AMC_8_Problem_2,https://artofproblemsolving.com/wiki/index.php/2020_AMC_8_Problems/Problem_2,"Four friends do yardwork for their neighbors over the weekend, earning $$15, $20, $25,$ and $$40,$ respectively. They decide to split their earnings equally among themselves. In total, how much will the friend who earned $$40$ give to the others?",C,15
3717,4888e09eb151f913d36b00881364aa3d,,1,AMC_8,2020_AMC_8_Problem_3,https://artofproblemsolving.com/wiki/index.php/2020_AMC_8_Problems/Problem_3,"Carrie has a rectangular garden that measures $6$ feet by $8$ feet. She plants the entire garden with strawberry plants. Carrie is able to plant $4$ strawberry plants per square foot, and she harvests an average of $10$ strawberries per plant. How many strawberries can she expect to harvest?",D,1920
3719,a5ae8fde3653142a8d1c34e82ba0cb28,,1,AMC_8,2020_AMC_8_Problem_5,https://artofproblemsolving.com/wiki/index.php/2020_AMC_8_Problems/Problem_5,Three fourths of a pitcher is filled with pineapple juice. The pitcher is emptied by pouring an equal amount of juice into each of $5$ cups. What percent of the total capacity of the pitcher did each cup receive?,C,15
3720,dbbe134836f8714e604c81204030fa7d,,1,AMC_8,2020_AMC_8_Problem_7,https://artofproblemsolving.com/wiki/index.php/2020_AMC_8_Problems/Problem_7,"How many integers between $2020$ and $2400$ have four distinct digits arranged in increasing order? (For example, $2347$ is one integer.)",C,15
3722,f550ac11126d7e92b03135b958094a19,,1,AMC_8,2020_AMC_8_Problem_10,https://artofproblemsolving.com/wiki/index.php/2020_AMC_8_Problems/Problem_10,"Zara has a collection of $4$ marbles: an Aggie, a Bumblebee, a Steelie, and a Tiger. She wants to display them in a row on a shelf, but does not want to put the Steelie and the Tiger next to one another. In how many ways can she do this?",C,12
3724,64b4e5991b0af939fc08f77bfed9ae2d,,1,AMC_8,2020_AMC_8_Problem_12,https://artofproblemsolving.com/wiki/index.php/2020_AMC_8_Problems/Problem_12,"For a positive integer $n$ , the factorial notation $n!$ represents the product of the integers from $n$ to $1$ . What value of $N$ satisfies the following equation? \[5!\cdot 9!=12\cdot N!\]",A,10
3730,33a3110a13b7b1100384be28275b57ff,,1,AMC_8,2020_AMC_8_Problem_17,https://artofproblemsolving.com/wiki/index.php/2020_AMC_8_Problems/Problem_17,"How many positive integer factors of $2020$ have more than $3$ factors? (As an example, $12$ has $6$ factors, namely $1,2,3,4,6,$ and $12.$",B,7
3743,3fbc19723e11bd84ebda8802cd496c04,,1,AMC_8,2019_AMC_8_Problem_8,https://artofproblemsolving.com/wiki/index.php/2019_AMC_8_Problems/Problem_8,"Gilda has a bag of marbles. She gives $20\%$ of them to her friend Pedro. Then Gilda gives $10\%$ of what is left to another friend, Ebony. Finally, Gilda gives $25\%$ of what is now left in the bag to her brother Jimmy. What percentage of her original bag of marbles does Gilda have left for herself?",E,54
3748,41ed59ffe8fbffbeeb5a4f0b7e5951bf,,1,AMC_8,2003_AMC_8_Problem_20,https://artofproblemsolving.com/wiki/index.php/2003_AMC_8_Problems/Problem_20,What is the measure of the acute angle formed by the hands of the clock at 4:20 PM?,D,10
3752,b933f9b6f2d4170c37f408b5370a2dc7,,1,AMC_8,2002_AMC_8_Problem_3,https://artofproblemsolving.com/wiki/index.php/2002_AMC_8_Problems/Problem_3,What is the smallest possible average of four distinct positive even integers?,C,5
3753,69cc946117a2a70fd0f3ae3e5f81143d,,1,AMC_8,2002_AMC_8_Problem_4,https://artofproblemsolving.com/wiki/index.php/2002_AMC_8_Problems/Problem_4,The year 2002 is a palindrome (a number that reads the same from left to right as it does from right to left). What is the product of the digits of the next year after 2002 that is a palindrome?,B,4
3759,525e5eabec8d5e9991072b6423d0ce87,,1,AMC_8,2003_AMC_8_Problem_19,https://artofproblemsolving.com/wiki/index.php/2003_AMC_8_Problems/Problem_19,"How many integers between 1000 and 2000 have all three of the numbers 15, 20, and 25 as factors?",C,3
3760,56a18605a539f3d9b5d89f89a66aba05,,1,AMC_8,2002_AMC_8_Problem_12,https://artofproblemsolving.com/wiki/index.php/2002_AMC_8_Problems/Problem_12,A board game spinner is divided into three regions labeled $A$ $B$ and $C$ . The probability of the arrow stopping on region $A$ is $\frac{1}{3}$ and on region $B$ is $\frac{1}{2}$ . The probability of the arrow stopping on region $C$ is?,B,16
3761,a82a37455bae633cd86f574c5d1b7927,,1,AMC_8,2002_AMC_8_Problem_14,https://artofproblemsolving.com/wiki/index.php/2002_AMC_8_Problems/Problem_14,"A merchant offers a large group of items at $30\%$ off. Later, the merchant takes $20\%$ off these sale prices. The total discount is",B,44
3762,6550a90f21f2323e2280b862e97afd45,,1,AMC_8,2002_AMC_8_Problem_17,https://artofproblemsolving.com/wiki/index.php/2002_AMC_8_Problems/Problem_17,"In a mathematics contest with ten problems, a student gains 5 points for a correct answer and loses 2 points for an incorrect answer. If Olivia answered every problem and her score was 29, how many correct answers did she have?",C,7
3763,f4c22c651118bdc44e0967f62a725bfc,,1,AMC_8,2002_AMC_8_Problem_18,https://artofproblemsolving.com/wiki/index.php/2002_AMC_8_Problems/Problem_18,Gage skated $1$ hr $15$ min each day for $5$ days and $1$ hr $30$ min each day for $3$ days. How long would he have to skate the ninth day in order to average $85$ minutes of skating each day for the entire time?,E,2
3764,acadecfe184db1bd5c1c600851ffa10e,,1,AMC_8,2002_AMC_8_Problem_19,https://artofproblemsolving.com/wiki/index.php/2002_AMC_8_Problems/Problem_19,How many whole numbers between 99 and 999 contain exactly one 0?,D,162
3768,7ac6ba05b6a53f53f296906619287770,,1,AMC_8,2002_AMC_8_Problem_24,https://artofproblemsolving.com/wiki/index.php/2002_AMC_8_Problems/Problem_24,Miki has a dozen oranges of the same size and a dozen pears of the same size. Miki uses her juicer to extract 8 ounces of pear juice from 3 pears and 8 ounces of orange juice from 2 oranges. She makes a pear-orange juice blend from an equal number of pears and oranges. What percent of the blend is pear juice?,B,40
3769,e4725af41669e8d6a2780b4ad9991c89,,1,AMC_8,2002_AMC_8_Problem_25,https://artofproblemsolving.com/wiki/index.php/2002_AMC_8_Problems/Problem_25,"Loki, Moe, Nick and Ott are good friends. Ott had no money, but the others did. Moe gave Ott one-fifth of his money, Loki gave Ott one-fourth of his money and Nick gave Ott one-third of his money. Each gave Ott the same amount of money. What fractional part of the group's money does Ott now have?",B,14
3770,466eda3a9acd6cf77c28bed6f9f08845,,1,AMC_8,2001_AMC_8_Problem_1,https://artofproblemsolving.com/wiki/index.php/2001_AMC_8_Problems/Problem_1,"Casey's shop class is making a golf trophy. He has to paint 300 dimples on a golf ball. If it takes him 2 seconds to paint one dimple, how many minutes will he need to do his job?",D,10
3778,d72f3d1291c6a09af90c0016b212437c,,1,AMC_8,2004_AMC_8_Problem_8,https://artofproblemsolving.com/wiki/index.php/2004_AMC_8_Problems/Problem_8,Find the number of two-digit positive integers whose digits total $7$,B,7
3779,03859f696f0f574426eeebb6e411e69f,,1,AMC_8,2004_AMC_8_Problem_9,https://artofproblemsolving.com/wiki/index.php/2004_AMC_8_Problems/Problem_9,"The average of the five numbers in a list is $54$ . The average of the first two
numbers is $48$ . What is the average of the last three numbers?",D,58
3780,9311ef16fa730ee69808a20f29fb0c46,,1,AMC_8,2004_AMC_8_Problem_10,https://artofproblemsolving.com/wiki/index.php/2004_AMC_8_Problems/Problem_10,"Handy Aaron helped a neighbor $1 \frac14$ hours on Monday, $50$ minutes on Tuesday, from 8:20 to 10:45 on Wednesday morning, and a half-hour on Friday. He is paid $\textdollar 3$ per hour. How much did he earn for the week?",E,15
3784,f1d824db974d1c816854b468737ced3e,,1,AMC_8,2010_AMC_8_Problem_1,https://artofproblemsolving.com/wiki/index.php/2010_AMC_8_Problems/Problem_1,"At Euclid Middle School the mathematics teachers are Mrs. Germain, Mr. Newton, and Mrs. Young. There are $11$ students in Mrs. Germain's class, $8$ students in Mr. Newton's class, and $9$ students in Mrs. Young's class taking the AMC $8$ this year. How many mathematics students at Euclid Middle School are taking the contest?",C,28
3785,9277096b27e0f04586690475ea517d1d,,1,AMC_8,2004_AMC_8_Problem_17,https://artofproblemsolving.com/wiki/index.php/2004_AMC_8_Problems/Problem_17,"Three friends have a total of $6$ identical pencils, and each one has at least one pencil. In how many ways can this happen?",,4
3786,06ce4fde3122af23417317971a279e9c,,1,AMC_8,2004_AMC_8_Problem_20,https://artofproblemsolving.com/wiki/index.php/2004_AMC_8_Problems/Problem_20,"Two-thirds of the people in a room are seated in three-fourths of the chairs. The rest of the people are standing. If there are $6$ empty chairs, how many people are in the room?",D,27
3793,a9f0e510a0d5d4f08dbbca8fadaad757,,1,AMC_8,2003_AMC_8_Problem_5,https://artofproblemsolving.com/wiki/index.php/2003_AMC_8_Problems/Problem_5,"If $20\%$ of a number is $12$ , what is $30\%$ of the same number?",B,18
3801,0810cde0d4b414eae8f5a1c27937971b,,1,AMC_8,2001_AMC_8_Problem_3,https://artofproblemsolving.com/wiki/index.php/2001_AMC_8_Problems/Problem_3,Granny Smith has $63. Elberta has $2 more than Anjou and Anjou has one-third as much as Granny Smith. How many dollars does Elberta have?,E,23
3803,a1f117c233009d82b173a6e1303475c3,,1,AMC_8,2001_AMC_8_Problem_6,https://artofproblemsolving.com/wiki/index.php/2001_AMC_8_Problems/Problem_6,Six trees are equally spaced along one side of a straight road. The distance from the first tree to the fourth is 60 feet. What is the distance in feet between the first and last trees?,B,100
3805,2207a7ef9cb752c2d16de0327484533c,,1,AMC_8,2000_AMC_8_Problem_21,https://artofproblemsolving.com/wiki/index.php/2000_AMC_8_Problems/Problem_21,Keiko tosses one penny and Ephraim tosses two pennies. The probability that Ephraim gets the same number of heads that Keiko gets is,B,38
3807,6a0fcdbae0233f9585412de1189ec1c0,,1,AMC_8,2000_AMC_8_Problem_23,https://artofproblemsolving.com/wiki/index.php/2000_AMC_8_Problems/Problem_23,"There is a list of seven numbers. The average of the first four numbers is $5$ , and the average of the last four numbers is $8$ . If the average of all seven numbers is $6\frac{4}{7}$ , then the number common to both sets of four numbers is",B,6
3812,93ce2746c257aa6756cd4b9f90f08098,,1,AMC_8,1999_AMC_8_Problem_5,https://artofproblemsolving.com/wiki/index.php/1999_AMC_8_Problems/Problem_5,"A rectangular garden 60 feet long and 20 feet wide is enclosed by a fence. To make the garden larger, while using the same fence, its shape is changed to a square. By how many square feet does this enlarge the garden?",D,400
3813,1a45145db57d4dc89dec6a41c8d24788,,1,AMC_8,1999_AMC_8_Problem_7,https://artofproblemsolving.com/wiki/index.php/1999_AMC_8_Problems/Problem_7,The third exit on a highway is located at milepost 40 and the tenth exit is at milepost 160. There is a service center on the highway located three-fourths of the way from the third exit to the tenth exit. At what milepost would you expect to find this   service center?,E,130
3816,7210f5fc431832e4261f573a36cb5c8e,,1,AMC_8,1999_AMC_8_Problem_12,https://artofproblemsolving.com/wiki/index.php/1999_AMC_8_Problems/Problem_12,"The ratio of the number of games won to the number of games lost (no ties) by the Middle School Middies is $11/4$ . To the nearest whole percent, what percent of its games did the team lose?",B,27
3820,699f13be205dc2747b58726ff68b654e,,1,AMC_8,1999_AMC_8_Problem_15,https://artofproblemsolving.com/wiki/index.php/1999_AMC_8_Problems/Problem_15,"Bicycle license plates in Flatville each contain three letters. The first is chosen from the set {C,H,L,P,R}, the second from {A,I,O}, and the third from {D,M,N,T}.
When Flatville needed more license plates, they added two new letters. The new letters may both be added to one set or one letter may be added to one set and one to another set. What is the largest possible number of ADDITIONAL license plates that can be made by adding two letters?",D,40
3822,659a2b3dfeb170e3502fa44d5ad9db71,,1,AMC_8,1999_AMC_8_Problem_16,https://artofproblemsolving.com/wiki/index.php/1999_AMC_8_Problems/Problem_16,"Tori's mathematics test had 75 problems: 10 arithmetic, 30 algebra, and 35 geometry problems. Although she answered 70% of the arithmetic, 40% of the algebra, and 60% of the geometry problems correctly, she did not pass the test because she got less than 60% of the problems right. How many more problems would she have needed to answer correctly to earn a 60% passing grade?",B,5
3823,174456a04e1d0467eee87d396dfc3d26,,1,AMC_8,1999_AMC_8_Problem_17,https://artofproblemsolving.com/wiki/index.php/1999_AMC_8_Problems/Problem_17,"At Central Middle School the 108 students who take the AMC 8 meet in the evening to talk about problems and eat an average of two cookies apiece. Walter and Gretel are baking Bonnie's Best Bar Cookies this year. Their recipe, which makes a pan of 15 cookies, lists this items: $1\frac{1}{2}$ cups of flour, $2$ eggs, $3$ tablespoons butter, $\frac{3}{4}$ cups sugar, and $1$ package of chocolate drops. They will make only full recipes, not partial recipes.
Walter can buy eggs by the half-dozen. How many half-dozens should he buy to make enough cookies? (Some eggs and some cookies may be left over.)",C,5
3824,0c007fa9bf834dab5df14f5c176f6993,,1,AMC_8,1999_AMC_8_Problem_18,https://artofproblemsolving.com/wiki/index.php/1999_AMC_8_Problems/Problem_18,"At Central Middle School the $108$ students who take the AMC8 meet in the evening to talk about problems and eat an average of two cookies apiece. Walter and Gretel are baking Bonnie's Best Bar Cookies this year. Their recipe, which makes a pan of $15$ cookies, lists this items: $1\frac{1}{2}$ cups flour, $2$ eggs, $3$ tablespoons butter, $\frac{3}{4}$ cups sugar, and $1$ package of chocolate drops. They will make only full recipes, not partial recipes.
They learn that a big concert is scheduled for the same night and attendance will be down $25\%$ . How many recipes of cookies should they make for their smaller party?",E,11
3825,e11460c7d660273e82e3f5d3ec8a72cd,,1,AMC_8,1999_AMC_8_Problem_19,https://artofproblemsolving.com/wiki/index.php/1999_AMC_8_Problems/Problem_19,"At Central Middle School, the 108 students who take the AMC 8 meet in the evening to talk about food and eat an average of two cookies apiece. Hansel and Gretel are baking Bonnie's Best Bar Cookies this year. Their recipe, which makes a pan of 15 cookies, lists these items: $1\frac{1}{2}$ cups flour, $2$ eggs, $3$ tablespoons butter, $\frac{3}{4}$ cups sugar, and $1$ package of chocolate drops. They will make full recipes, not partial recipes.
Hansel and Gretel must make enough pans of cookies to supply 216 cookies. There are 8 tablespoons in a stick of butter. How many sticks of butter will be needed? (Some butter may be leftover, of course.)",B,6
3830,79a4ab72d07510cff6b4f762be595a81,,1,AMC_8,2000_AMC_8_Problem_20,https://artofproblemsolving.com/wiki/index.php/2000_AMC_8_Problems/Problem_20,"You have nine coins: a collection of pennies, nickels, dimes, and quarters having a total value of $ $1.02$ , with at least one coin of each type. How many dimes must you have?",A,1
3831,c59a28a12d4c94a0c0d5ae6481c74cb2,,1,AMC_8,2004_AMC_8_Problem_5,https://artofproblemsolving.com/wiki/index.php/2004_AMC_8_Problems/Problem_5,"Ms. Hamilton's eighth-grade class wants to participate in the annual three-person-team basketball tournament. The losing team of each game is eliminated from the tournament. If sixteen teams compete, how many games will be played to determine the winner?",D,15
3836,d121538571fa5ab9ec81a162a70ad694,,1,AMC_8,2001_AMC_8_Problem_10,https://artofproblemsolving.com/wiki/index.php/2001_AMC_8_Problems/Problem_10,A collector offers to buy state quarters for 2000% of their face value. At that rate how much will Bryden get for his four state quarters?,A,20
3838,cc3ede93eb388d1dda4886d1ddb66085,,1,AMC_8,2001_AMC_8_Problem_12,https://artofproblemsolving.com/wiki/index.php/2001_AMC_8_Problems/Problem_12,"If $a\otimes b = \dfrac{a + b}{a - b}$ , then $(6\otimes 4)\otimes 3 =$",A,4
3839,904b5925faf06c5d9be7a6098ebb10a3,,1,AMC_8,2001_AMC_8_Problem_13,https://artofproblemsolving.com/wiki/index.php/2001_AMC_8_Problems/Problem_13,"Of the 36 students in Richelle's class, 12 prefer chocolate pie, 8 prefer apple, and 6 prefer blueberry. Half of the remaining students prefer cherry pie and half prefer lemon. For Richelle's pie graph showing this data, how many degrees should she use for cherry pie?",D,50
3841,79d50274a631563b346307994de06ac3,,1,AMC_8,2001_AMC_8_Problem_15,https://artofproblemsolving.com/wiki/index.php/2001_AMC_8_Problems/Problem_15,"Homer began peeling a pile of 44 potatoes at the rate of 3 potatoes per minute. Four minutes later Christen joined him and peeled at the rate of 5 potatoes per minute. When they finished, how many potatoes had Christen peeled?",A,20
3842,7bfd03b2ce4f8c5336bc7b345b0e32ea,,1,AMC_8,2001_AMC_8_Problem_21,https://artofproblemsolving.com/wiki/index.php/2001_AMC_8_Problems/Problem_21,The mean of a set of five different positive integers is 15. The median is 18. The maximum possible value of the largest of these five integers is,D,35
3847,d7fc7b0dabdd8b7a14413e8ad286fee0,,1,AMC_8,2000_AMC_8_Problem_1,https://artofproblemsolving.com/wiki/index.php/2000_AMC_8_Problems/Problem_1,"Aunt Anna is $42$ years old. Caitlin is $5$ years younger than Brianna, and Brianna is half as old as Aunt Anna. How old is Caitlin?",B,16
3848,c228c1b86653c3d32d090fa94df348be,,1,AMC_8,2000_AMC_8_Problem_2,https://artofproblemsolving.com/wiki/index.php/2000_AMC_8_Problems/Problem_2,Which of these numbers is less than its reciprocal?,A,2
3849,e939f57d8e4494d93d0becb9af4651a5,,1,AMC_8,2000_AMC_8_Problem_3,https://artofproblemsolving.com/wiki/index.php/2000_AMC_8_Problems/Problem_3,How many whole numbers lie in the interval between $\frac{5}{3}$ and $2\pi$,D,5
3850,98cfee3e7389abeb56f9bb2197c812e7,,1,AMC_8,2000_AMC_8_Problem_5,https://artofproblemsolving.com/wiki/index.php/2000_AMC_8_Problems/Problem_5,Each principal of Lincoln High School serves exactly one $3$ -year term. What is the maximum number of principals this school could have during an $8$ -year period?,C,4
3852,b4161fa2595b9caf0fedb65417094192,,1,AMC_8,2000_AMC_8_Problem_7,https://artofproblemsolving.com/wiki/index.php/2000_AMC_8_Problems/Problem_7,"What is the minimum possible product of three different numbers of the set $\{-8,-6,-4,0,3,5,7\}$",B,280
3860,ae52d310595f21cd11ae8978ddb5dd15,,1,AMC_8,2004_AMC_8_Problem_4,https://artofproblemsolving.com/wiki/index.php/2004_AMC_8_Problems/Problem_4,"Ms. Hamilton’s eighth-grade class wants to participate in the annual three-person-team basketball tournament.
Lance, Sally, Joy, and Fred are chosen for the team. In how many ways can the three starters be chosen?",B,4
3864,fcaf5432cd1b168698dc87297e4a8f6e,,1,AMC_8,2009_AMC_8_Problem_19,https://artofproblemsolving.com/wiki/index.php/2009_AMC_8_Problems/Problem_19,Two angles of an isosceles triangle measure $70^\circ$ and $x^\circ$ . What is the sum of the three possible values of $x$,D,165
3867,6628d90c726ae341fcf05bc91def445f,,1,AMC_8,2009_AMC_8_Problem_23,https://artofproblemsolving.com/wiki/index.php/2009_AMC_8_Problems/Problem_23,"On the last day of school, Mrs. Wonderful gave jelly beans to her class. She gave each boy as many jelly beans as there were boys in the class. She gave each girl as many jelly beans as there were girls in the class. She brought $400$ jelly beans, and when she finished, she had six jelly beans left. There were two more boys than girls in her class. How many students were in her class?",B,28
3868,faaccf9259bff468d99045641db8964e,,1,AMC_8,2009_AMC_8_Problem_24,https://artofproblemsolving.com/wiki/index.php/2009_AMC_8_Problems/Problem_24,"The letters $A$ $B$ $C$ and $D$ represent digits. If $\begin{tabular}{ccc}&A&B\\ +&C&A\\ \hline &D&A\end{tabular}$ and $\begin{tabular}{ccc}&A&B\\ -&C&A\\ \hline &&A\end{tabular}$ ,what digit does $D$ represent?",E,9
3871,a784ecf55d1e454d1667f94ad7fc141c,,1,AMC_8,2008_AMC_8_Problem_2,https://artofproblemsolving.com/wiki/index.php/2008_AMC_8_Problems/Problem_2,"The ten-letter code $\text{BEST OF LUCK}$ represents the ten digits $0-9$ , in order. What 4-digit number is represented by the code word $\text{CLUE}$",A,8671
3872,0cefbfa35be60791e5afd27ffbfda03b,,1,AMC_8,2008_AMC_8_Problem_5,https://artofproblemsolving.com/wiki/index.php/2008_AMC_8_Problems/Problem_5,"Barney Schwinn notices that the odometer on his bicycle reads $1441$ , a palindrome, because it reads the same forward and backward. After riding $4$ more hours that day and $6$ the next, he notices that the odometer shows another palindrome, $1661$ . What was his average speed in miles per hour?",E,22
3873,000a900dba3123d56626acc0e8eef820,,1,AMC_8,2008_AMC_8_Problem_7,https://artofproblemsolving.com/wiki/index.php/2008_AMC_8_Problems/Problem_7,"If $\frac{3}{5}=\frac{M}{45}=\frac{60}{N}$ , what is $M+N$",E,127
3874,13b500a59072d95c1e9d001b1aea40df,,1,AMC_8,2009_AMC_8_Problem_16,https://artofproblemsolving.com/wiki/index.php/2009_AMC_8_Problems/Problem_16,How many $3$ -digit positive integers have digits whose product equals $24$,D,21
3876,dcec358ceee4001c810c87b6c0ed19c3,,1,AMC_8,2008_AMC_8_Problem_10,https://artofproblemsolving.com/wiki/index.php/2008_AMC_8_Problems/Problem_10,"The average age of the $6$ people in Room A is $40$ . The average age of the $4$ people in Room B is $25$ . If the two groups are combined, what is the average age of all the people?",D,34
3877,cba5e4d83ebfe96d7080808a1c7817de,,1,AMC_8,2008_AMC_8_Problem_11,https://artofproblemsolving.com/wiki/index.php/2008_AMC_8_Problems/Problem_11,Each of the $39$ students in the eighth grade at Lincoln Middle School has one dog or one cat or both a dog and a cat. Twenty students have a dog and $26$ students have a cat. How many students have both a dog and a cat?,A,7
3878,a0a4e523b0ba57e0314961ba3d468fc3,,1,AMC_8,2008_AMC_8_Problem_12,https://artofproblemsolving.com/wiki/index.php/2008_AMC_8_Problems/Problem_12,A ball is dropped from a height of $3$ meters. On its first bounce it rises to a height of $2$ meters. It keeps falling and bouncing to $\frac{2}{3}$ of the height it reached in the previous bounce. On which bounce will it not rise to a height of $0.5$ meters?,C,5
3879,5c15a52a087869c98536ccecdc382582,,1,AMC_8,2004_AMC_8_Problem_3,https://artofproblemsolving.com/wiki/index.php/2004_AMC_8_Problems/Problem_3,"Twelve friends met for dinner at Oscar's Overstuffed Oyster House, and each ordered one meal. The portions were so large, there was enough food for $18$ people. If they shared, how many meals should they have ordered to have just enough food for the $12$ of them?",A,8
3881,66b1a6836e23259827844f631cb5c8ff,,1,AMC_8,2008_AMC_8_Problem_15,https://artofproblemsolving.com/wiki/index.php/2008_AMC_8_Problems/Problem_15,"In Theresa's first $8$ basketball games, she scored $7, 4, 3, 6, 8, 3, 1$ and $5$ points. In her ninth game, she scored fewer than $10$ points and her points-per-game average for the nine games was an integer. Similarly in her tenth game, she scored fewer than $10$ points and her points-per-game average for the $10$ games was also an integer. What is the product of the number of points she scored in the ninth and tenth games?",B,40
3882,bbc8b2bcbd811466824eda4c94d2dc46,,1,AMC_8,2008_AMC_8_Problem_17,https://artofproblemsolving.com/wiki/index.php/2008_AMC_8_Problems/Problem_17,Ms.Osborne asks each student in her class to draw a rectangle with integer side lengths and a perimeter of $50$ units. All of her students calculate the area of the rectangle they draw. What is the difference between the largest and smallest possible areas of the rectangles?,D,132
3887,10c0d22ff79ba6147128a9e2ad0ec0d3,,1,AMC_8,2008_AMC_8_Problem_9,https://artofproblemsolving.com/wiki/index.php/2008_AMC_8_Problems/Problem_9,"In $2005$ Tycoon Tammy invested $100$ dollars for two years. During the first year
her investment suffered a $15\%$ loss, but during the second year the remaining
investment showed a $20\%$ gain. Over the two-year period, what was the change
in Tammy's investment?",D,2
3889,80d6ca860b3ba1827e5ccb849605e785,,1,AMC_8,2009_AMC_8_Problem_13,https://artofproblemsolving.com/wiki/index.php/2009_AMC_8_Problems/Problem_13,"A three-digit integer contains one of each of the digits $1$ $3$ , and $5$ . What is the probability that the integer is divisible by $5$",B,13
3894,584e1dd975757e63e1726d97cc073340,,1,AMC_8,2010_AMC_8_Problem_8,https://artofproblemsolving.com/wiki/index.php/2010_AMC_8_Problems/Problem_8,"As Emily is riding her bicycle on a long straight road, she spots Emerson skating in the same direction $1/2$ mile in front of her. After she passes him, she can see him in her rear mirror until he is $1/2$ mile behind her. Emily rides at a constant rate of $12$ miles per hour, and Emerson skates at a constant rate of $8$ miles per hour. For how many minutes can Emily see Emerson?",D,15
3895,358e651673e49dc794457d8f98bd022b,,1,AMC_8,2010_AMC_8_Problem_9,https://artofproblemsolving.com/wiki/index.php/2010_AMC_8_Problems/Problem_9,"Ryan got $80\%$ of the problems correct on a $25$ -problem test, $90\%$ on a $40$ -problem test, and $70\%$ on a $10$ -problem test. What percent of all the problems did Ryan answer correctly?",D,84
3898,dd83a36aaf2e88f7ee9ac8969310ed49,,1,AMC_8,2010_AMC_8_Problem_12,https://artofproblemsolving.com/wiki/index.php/2010_AMC_8_Problems/Problem_12,"Of the $500$ balls in a large bag, $80\%$ are red and the rest are blue. How many of the red balls must be removed so that $75\%$ of the remaining balls are red?",D,100
3899,2069d49366b1b5b5e883a6f31192aa29,,1,AMC_8,2010_AMC_8_Problem_13,https://artofproblemsolving.com/wiki/index.php/2010_AMC_8_Problems/Problem_13,The lengths of the sides of a triangle in inches are three consecutive integers. The length of the shortest side is $30\%$ of the perimeter. What is the length of the longest side?,E,11
3901,0f174d87426f7c8f09f78f6a47b78fa8,,1,AMC_8,2010_AMC_8_Problem_15,https://artofproblemsolving.com/wiki/index.php/2010_AMC_8_Problems/Problem_15,"A jar contains $5$ different colors of gumdrops. $30\%$ are blue, $20\%$ are brown, $15\%$ are red, $10\%$ are yellow, and other $30$ gumdrops are green. If half of the blue gumdrops are replaced with brown gumdrops, how many gumdrops will be brown?",C,42
3904,a29e1f114cc96aea84a25f6fa85bf78d,,1,AMC_8,2010_AMC_8_Problem_20,https://artofproblemsolving.com/wiki/index.php/2010_AMC_8_Problems/Problem_20,"In a room, $2/5$ of the people are wearing gloves, and $3/4$ of the people are wearing hats. What is the minimum number of people in the room wearing both a hat and a glove?",A,3
3905,c83417f8cad31f46ba4914676eb57249,,1,AMC_8,2010_AMC_8_Problem_21,https://artofproblemsolving.com/wiki/index.php/2010_AMC_8_Problems/Problem_21,"Hui is an avid reader. She bought a copy of the best seller Math is Beautiful . On the first day, Hui read $1/5$ of the pages plus $12$ more, and on the second day she read $1/4$ of the remaining pages plus $15$ pages. On the third day she read $1/3$ of the remaining pages plus $18$ pages. She then realized that there were only $62$ pages left to read, which she read the next day. How many pages are in this book?",C,240
3906,532daeff417a9da4c9f95a569845f046,,1,AMC_8,2010_AMC_8_Problem_22,https://artofproblemsolving.com/wiki/index.php/2010_AMC_8_Problems/Problem_22,"The hundreds digit of a three-digit number is $2$ more than the units digit. The digits of the three-digit number are reversed, and the result is subtracted from the original three-digit number. What is the units digit of the result?",E,8
3907,df037de97863e546885f43ef348f2a44,,1,AMC_8,2010_AMC_8_Problem_25,https://artofproblemsolving.com/wiki/index.php/2010_AMC_8_Problems/Problem_25,"Everyday at school, Jo climbs a flight of $6$ stairs. Jo can take the stairs $1$ $2$ , or $3$ at a time. For example, Jo could climb $3$ , then $1$ , then $2$ . In how many ways can Jo climb the stairs?",E,24
3908,fbeec93e6cdb064beda4dbf40a463431,,1,AMC_8,2009_AMC_8_Problem_2,https://artofproblemsolving.com/wiki/index.php/2009_AMC_8_Problems/Problem_2,"On average, for every 4 sports cars sold at the local dealership, 7 sedans are sold. The dealership predicts that it will sell 28 sports cars next month. How many sedans does it expect to sell?",D,49
3911,55c7d272c74789656815fe398947f891,,1,AMC_8,2009_AMC_8_Problem_6,https://artofproblemsolving.com/wiki/index.php/2009_AMC_8_Problems/Problem_6,"Steve's empty swimming pool will hold $24,000$ gallons of water when full. It will be filled by $4$ hoses, each of which supplies $2.5$ gallons of water per minute. How many hours will it take to fill Steve's pool?",A,40
3913,c2aeffdb227e85d68bc4ca7aee207ad9,,1,AMC_8,2009_AMC_8_Problem_8,https://artofproblemsolving.com/wiki/index.php/2009_AMC_8_Problems/Problem_8,The length of a rectangle is increased by $10\%$ percent and the width is decreased by $10\%$ percent. What percent of the old area is the new area?,B,99
3915,4a2206ca319731f043d8fab93cde14f2,,1,AMC_8,2009_AMC_8_Problem_11,https://artofproblemsolving.com/wiki/index.php/2009_AMC_8_Problems/Problem_11,"The Amaco Middle School bookstore sells pencils costing a whole number of cents. Some seventh graders each bought a pencil, paying a total of $1.43$ dollars. Some of the $30$ sixth graders each bought a pencil, and they paid a total of $1.95$ dollars. How many more sixth graders than seventh graders bought a pencil?",D,4
3917,490166888ed539ce6bcaa517b65b14c7,,1,AMC_8,2007_AMC_8_Problem_1,https://artofproblemsolving.com/wiki/index.php/2007_AMC_8_Problems/Problem_1,Theresa's parents have agreed to buy her tickets to see her favorite band if she spends an average of $10$ hours per week helping around the house for $6$ weeks. For the first $5$ weeks she helps around the house for $8$ $11$ $7$ $12$ and $10$ hours. How many hours must she work for the final week to earn the tickets?,D,12
3918,777c5b5fb07eb4b9e773ea7b63e03929,,1,AMC_8,2008_AMC_8_Problem_13,https://artofproblemsolving.com/wiki/index.php/2008_AMC_8_Problems/Problem_13,"Mr. Harman needs to know the combined weight in pounds of three boxes he wants to mail. However, the only available scale is not accurate for weights less than $100$ pounds or more than $150$ pounds. So the boxes are weighed in pairs in every possible way. The results are $122$ $125$ and $127$ pounds. What is the combined weight in pounds of the three boxes?",C,187
3919,49e4281f994175e4845197157f1f18c8,,1,AMC_8,2007_AMC_8_Problem_5,https://artofproblemsolving.com/wiki/index.php/2007_AMC_8_Problems/Problem_5,"Chandler wants to buy a $500$ dollar mountain bike. For his birthday, his grandparents
send him $50$ dollars, his aunt sends him $35$ dollars and his cousin gives him $15$ dollars. He earns $16$ dollars per week for his paper route. He will use all of his birthday money and all
of the money he earns from his paper route. In how many weeks will he be able
to buy the mountain bike?",B,25
3924,e1c7c3fe7252edabd7498755469ed2ef,,1,AMC_8,2005_AMC_8_Problem_4,https://artofproblemsolving.com/wiki/index.php/2005_AMC_8_Problems/Problem_4,"A square and a triangle have equal perimeters. The lengths of the three sides of the triangle are 6.1 cm, 8.2 cm and 9.7 cm. What is the area of the square in square centimeters?",C,36
3925,80ba7ba0c1bdf96ed41451913b64749a,,1,AMC_8,2005_AMC_8_Problem_5,https://artofproblemsolving.com/wiki/index.php/2005_AMC_8_Problems/Problem_5,"Soda is sold in packs of 6, 12 and 24 cans. What is the minimum number of packs needed to buy exactly 90 cans of soda?",B,5
3926,aeb8f5687f168c5c36475e79919d870f,,1,AMC_8,2005_AMC_8_Problem_6,https://artofproblemsolving.com/wiki/index.php/2005_AMC_8_Problems/Problem_6,Suppose $d$ is a digit. For how many values of $d$ is $2.00d5 > 2.005$,C,5
3927,c8097088005e95f1477a0c24d8ffdbad,,1,AMC_8,2005_AMC_8_Problem_8,https://artofproblemsolving.com/wiki/index.php/2005_AMC_8_Problems/Problem_8,Suppose m and n are positive odd integers. Which of the following must also be an odd integer?,E,3
3928,df09333223832da82acb63ed2d570283,,1,AMC_8,2007_AMC_8_Problem_4,https://artofproblemsolving.com/wiki/index.php/2007_AMC_8_Problems/Problem_4,"A haunted house has six windows. In how many ways can
Georgie the Ghost enter the house by one window and leave
by a different window?",D,30
3929,78ee51586d19fe102dcbd59359daa3cc,,1,AMC_8,2005_AMC_8_Problem_10,https://artofproblemsolving.com/wiki/index.php/2005_AMC_8_Problems/Problem_10,Joe had walked half way from home to school when he realized he was late. He ran the rest of the way to school. He ran 3 times as fast as he walked. Joe took 6 minutes to walk half way to school. How many minutes did it take Joe to get from home to school?,D,8
3930,fe3731a3a59d156070d78b30c9e0d888,,1,AMC_8,2005_AMC_8_Problem_11,https://artofproblemsolving.com/wiki/index.php/2005_AMC_8_Problems/Problem_11,"The sales tax rate in Rubenenkoville is 6%. During a sale at the Bergville Coat Closet, the price of a coat is discounted 20% from its $90.00 price. Two clerks, Jack and Jill, calculate the bill independently. Jack rings up $90.00 and adds 6% sales tax, then subtracts 20% from this total. Jill rings up $90.00, subtracts 20% of the price, then adds 6% of the discounted price for sales tax. What is Jack's total minus Jill's total?",C,0
3933,60859fbffbd90df8a372f972b40e25bf,,1,AMC_8,2005_AMC_8_Problem_14,https://artofproblemsolving.com/wiki/index.php/2005_AMC_8_Problems/Problem_14,"The Little Twelve Basketball Conference has two divisions, with six teams in each division. Each team plays each of the other teams in its own division twice and every team in the other division once. How many conference games are scheduled?",B,96
3936,ae68554a13742c4a31b4e86783b7c70f,,1,AMC_8,2005_AMC_8_Problem_16,https://artofproblemsolving.com/wiki/index.php/2005_AMC_8_Problems/Problem_16,"A five-legged Martian has a drawer full of socks, each of which is red, white or blue, and there are at least five socks of each color. The Martian pulls out one sock at a time without looking. How many socks must the Martian remove from the drawer to be certain there will be 5 socks of the same color?",D,13
3937,495d8b90ca46b1f793198e9e85350d65,,1,AMC_8,2005_AMC_8_Problem_18,https://artofproblemsolving.com/wiki/index.php/2005_AMC_8_Problems/Problem_18,How many three-digit numbers are divisible by 13?,C,69
3942,c0286597c4c6d0d741473f845fdb6fb4,,1,AMC_8,2005_AMC_8_Problem_24,https://artofproblemsolving.com/wiki/index.php/2005_AMC_8_Problems/Problem_24,"A certain calculator has only two keys [+1] and [x2]. When you press one of the keys, the calculator automatically  displays the result. For instance, if the calculator originally displayed ""9"" and you pressed [+1], it would display ""10."" If you then pressed [x2], it would display ""20."" Starting with the display ""1,"" what is the fewest number of keystrokes you would need to reach ""200""?",B,9
3944,82130584ce5276aba428f15f2025d41e,,1,AMC_8,2004_AMC_8_Problem_1,https://artofproblemsolving.com/wiki/index.php/2004_AMC_8_Problems/Problem_1,"On a map, a $12$ -centimeter length represents $72$ kilometers. How many kilometers does a $17$ -centimeter length represent?",B,102
3945,6be8fd1f43809f8b09bec0db863c2448,,1,AMC_8,2006_AMC_8_Problem_23,https://artofproblemsolving.com/wiki/index.php/2006_AMC_8_Problems/Problem_23,"A box contains gold coins. If the coins are equally divided among six people, four coins are left over. If the coins are equally divided among five people, three coins are left over. If the box holds the smallest number of coins that meets these two conditions, how many coins are left when equally divided among seven people?",A,0
3948,75ed687cff410b3de5800b0b7a8cca90,,1,AMC_8,2006_AMC_8_Problem_20,https://artofproblemsolving.com/wiki/index.php/2006_AMC_8_Problems/Problem_20,"A singles tournament had six players. Each player played every other player only once, with no ties. If Helen won 4 games, Ines won 3 games, Janet won 2 games, Kendra won 2 games and Lara won 2 games, how many games did Monica win?",C,2
3949,bbbe100197914c04d2f9e1fe6c9d2062,,1,AMC_8,2007_AMC_8_Problem_6,https://artofproblemsolving.com/wiki/index.php/2007_AMC_8_Problems/Problem_6,"The average cost of a long-distance call in the USA in $1985$ was $41$ cents per minute, and the average cost of a long-distance
call in the USA in $2005$ was $7$ cents per minute. Find the
approximate percent decrease in the cost per minute of a long-
distance call.",E,80
3956,625caf0edef34f8dfbe7954922d7b628,,1,AMC_8,2007_AMC_8_Problem_18,https://artofproblemsolving.com/wiki/index.php/2007_AMC_8_Problems/Problem_18,"The product of the two $99$ -digit numbers
$303,030,303,...,030,303$ and $505,050,505,...,050,505$
has thousands digit $A$ and units digit $B$ . What is the sum of $A$ and $B$",D,8
3957,ab836a34efd76f55bc85a0fb12249ac8,,1,AMC_8,2007_AMC_8_Problem_19,https://artofproblemsolving.com/wiki/index.php/2007_AMC_8_Problems/Problem_19,"Pick two consecutive positive integers whose sum is less than $100$ . Square both
of those integers and then find the difference of the squares. Which of the
following could be the difference?",C,79
3965,7e4b4fed161314d99827539446d87e7b,,1,AMC_8,2006_AMC_8_Problem_16,https://artofproblemsolving.com/wiki/index.php/2006_AMC_8_Problems/Problem_16,"Problems 14, 15 and 16 involve Mrs. Reed's English assignment.
A Novel Assignment
The students in Mrs. Reed's English class are reading the same 760-page novel. Three friends, Alice, Bob and Chandra, are in the class. Alice reads a page in 20 seconds, Bob reads a page in 45 seconds and Chandra reads a page in 30 seconds.
Before Chandra and Bob start reading, Alice says she would like to team read with them. If they divide the book into three sections so that each reads for the same length of time, how many seconds will each have to read?",E,7200
3966,e8051b937cd965c95e341ade8a7ec30b,,1,AMC_8,2006_AMC_8_Problem_14,https://artofproblemsolving.com/wiki/index.php/2006_AMC_8_Problems/Problem_14,"Problems 14, 15 and 16 involve Mrs. Reed's English assignment.
A Novel Assignment
The students in Mrs. Reed's English class are reading the same $760$ -page novel. Three friends, Alice, Bob and Chandra, are in the class. Alice reads a page in 20 seconds, Bob reads a page in $45$ seconds and Chandra reads a page in $30$ seconds.
If Bob and Chandra both read the whole book, Bob will spend how many more seconds reading than Chandra?",B,"11,400"
3967,1c65ce119de04d4e89fa470c2fef9d5e,,1,AMC_8,2006_AMC_8_Problem_12,https://artofproblemsolving.com/wiki/index.php/2006_AMC_8_Problems/Problem_12,"Antonette gets $70 \%$ on a 10-problem test, $80 \%$ on a 20-problem test and $90 \%$ on a 30-problem test. If the three tests are combined into one 60-problem test, which percent is closest to her overall score?",D,83
3968,15867152462f0e53f050035615f3f91a,,1,AMC_8,2006_AMC_8_Problem_15,https://artofproblemsolving.com/wiki/index.php/2006_AMC_8_Problems/Problem_15,"Problems 14, 15 and 16 involve Mrs. Reed's English assignment.
A Novel Assignment
The students in Mrs. Reed's English class are reading the same 760-page novel. Three friends, Alice, Bob and Chandra, are in the class. Alice reads a page in 20 seconds, Bob reads a page in 45 seconds and Chandra reads a page in 30 seconds.
Chandra and Bob, who each have a copy of the book, decide that they can save time by ""team reading"" the novel. In this scheme, Chandra will read from page 1 to a certain page and Bob will read from the next page through page 760, finishing the book. When they are through they will tell each other about the part they read. What is the last page that Chandra should read so that she and Bob spend the same amount of time reading the novel?",C,456
3969,52ba8bba39d615839fa584fa106bc56e,,1,AMC_8,2006_AMC_8_Problem_9,https://artofproblemsolving.com/wiki/index.php/2006_AMC_8_Problems/Problem_9,What is the product of $\frac{3}{2}\times\frac{4}{3}\times\frac{5}{4}\times\cdots\times\frac{2006}{2005}$,C,1003
3970,43b0bf5b758b18c9b631f7261691be8b,,1,AMC_8,2006_AMC_8_Problem_8,https://artofproblemsolving.com/wiki/index.php/2006_AMC_8_Problems/Problem_8,"The table shows some of the results of a survey by radiostation KACL. What percentage of the males surveyed listen to the station?
$\begin{tabular}{|c|c|c|c|}\hline & Listen & Don't Listen & Total\\ \hline Males & ? & 26 & ?\\ \hline Females & 58 & ? & 96\\ \hline Total & 136 & 64 & 200\\ \hline\end{tabular}$",E,75
3973,c300abd6b62ff1ecc72fb85608477b18,,1,AMC_8,2006_AMC_8_Problem_2,https://artofproblemsolving.com/wiki/index.php/2006_AMC_8_Problems/Problem_2,"On the AMC 8 contest Billy answers 13 questions correctly, answers 7 questions incorrectly and doesn't answer the last 5. What is his score?",C,13
3974,18ce153fc812b0300c561a9fdaec6b3d,,1,AMC_8,2006_AMC_8_Problem_11,https://artofproblemsolving.com/wiki/index.php/2006_AMC_8_Problems/Problem_11,How many two-digit numbers have digits whose sum is a perfect square?,C,17
